<?xml version="1.0" standalone="yes"?>
<NewDataSet>
  <DailyReport>
    <TicketNo>asdf</TicketNo>
    <Namehead>asdf</Namehead>
    <BookingDate>sdf</BookingDate>
    <TicketDetails>sdfdfdf</TicketDetails>
  </DailyReport>
  <DailyReport>
    <TicketNo>asdf</TicketNo>
    <Namehead>asdf</Namehead>
    <BookingDate>asfa</BookingDate>
    <TicketDetails>asdf</TicketDetails>
  </DailyReport>
  <DailyReport>
    <TicketNo>no</TicketNo>
    <Namehead>name</Namehead>
    <BookingDate>date</BookingDate>
    <TicketDetails>det</TicketDetails>
  </DailyReport>
  <DailyReport>
    <TicketNo>r</TicketNo>
    <Namehead>wer</Namehead>
    <BookingDate>er</BookingDate>
    <TicketDetails>er</TicketDetails>
  </DailyReport>
  <DailyReport>
    <TicketNo>3333</TicketNo>
    <Namehead>er</Namehead>
    <BookingDate>er</BookingDate>
    <TicketDetails>re</TicketDetails>
  </DailyReport>
  <DailyReport>
    <TicketNo>sdfsdf</TicketNo>
    <Namehead>sdf</Namehead>
    <BookingDate>sdf</BookingDate>
    <TicketDetails>sdf</TicketDetails>
  </DailyReport>
</NewDataSet>